City_ID,City,Country,Date,Lat,Lng,Max Temp,Humidity,Cloudiness,Wind Speed
0,Mataura,NZ,2022-05-16 00:04:34,-46.1927,168.8643,49.48,66,9,2.66
1,Puerto Ayora,EC,2022-05-16 00:00:20,-0.7393,-90.3518,73.54,94,87,1.99
2,Barrow,US,2022-05-16 00:01:12,71.2906,-156.7887,33.82,80,75,9.22
3,Upernavik,GL,2022-05-16 00:04:35,72.7868,-56.1549,11.21,88,15,6.78
4,Kargasok,RU,2022-05-16 00:04:36,59.0556,80.8572,52.52,76,14,7.92
5,Rikitea,PF,2022-05-16 00:04:36,-23.1203,-134.9692,76.73,68,39,18.21
6,Maumere,ID,2022-05-16 00:04:37,-8.6199,122.2111,82.58,72,5,3.29
7,Lebu,CL,2022-05-16 00:02:06,-37.6167,-73.65,53.67,67,100,1.99
8,Maniitsoq,GL,2022-05-16 00:04:38,65.4167,-52.9,32.7,65,2,9.8
9,Bethel,US,2022-05-16 00:04:38,41.3712,-73.414,70.88,68,63,4.74
10,Fairbanks,US,2022-05-16 00:02:47,64.8378,-147.7164,51.3,46,100,1.99
11,Natal,BR,2022-05-16 00:04:39,-5.795,-35.2094,77.0,89,44,7.02
12,Temple,US,2022-05-16 00:04:40,31.0982,-97.3428,92.64,46,0,16.11
13,Abu Dhabi,AE,2022-05-16 00:01:10,24.4667,54.3667,81.97,71,0,1.01
14,San Quintin,MX,2022-05-16 00:04:40,30.4833,-115.95,68.85,64,3,13.04
15,Bluff,NZ,2022-05-16 00:04:41,-46.6,168.3333,49.8,72,9,8.52
16,Vaini,TO,2022-05-16 00:04:41,-21.2,-175.2,73.94,68,56,14.79
17,Hermanus,ZA,2022-05-16 00:04:42,-34.4187,19.2345,58.8,66,0,9.53
18,Baculin,PH,2022-05-16 00:04:42,7.4525,126.5842,82.72,72,76,0.96
19,Airai,TL,2022-05-16 00:04:43,-8.9266,125.4092,66.58,75,22,2.13
20,San Ramon,US,2022-05-16 00:04:36,37.7799,-121.978,82.6,59,0,13.8
21,Khatanga,RU,2022-05-16 00:04:47,71.9667,102.5,32.41,99,100,2.08
22,Butaritari,KI,2022-05-16 00:04:48,3.0707,172.7902,81.64,75,12,10.45
23,Dingle,PH,2022-05-16 00:04:48,10.9995,122.6711,81.77,75,99,0.85
24,Albany,US,2022-05-16 00:00:54,42.6001,-73.9662,70.25,93,47,4.94
25,Hilo,US,2022-05-16 00:02:57,19.7297,-155.09,87.28,86,13,8.01
26,General Pico,AR,2022-05-16 00:04:49,-35.6566,-63.7568,43.65,51,0,8.23
27,Tuktoyaktuk,CA,2022-05-16 00:04:50,69.4541,-133.0374,36.66,88,94,7.67
28,Cape Town,ZA,2022-05-16 00:00:01,-33.9258,18.4232,61.12,70,0,5.99
29,Saint George,US,2022-05-16 00:02:41,37.1041,-113.5841,97.39,4,0,17.27
30,Ginir,ET,2022-05-16 00:04:51,7.1333,40.7,55.38,83,71,6.02
31,Demirci,TR,2022-05-16 00:04:52,39.0461,28.6589,54.97,69,3,3.94
32,Geraldton,AU,2022-05-16 00:04:53,-28.7667,114.6,54.01,82,0,10.36
33,Kapaa,US,2022-05-16 00:04:53,22.0752,-159.319,82.38,73,0,9.22
34,Cockburn Town,TC,2022-05-16 00:04:48,21.4612,-71.1419,78.96,82,97,19.37
35,Sawakin,SD,2022-05-16 00:04:54,19.1059,37.3321,86.72,39,0,5.7
36,Ushuaia,AR,2022-05-16 00:00:14,-54.8,-68.3,40.15,86,100,11.41
37,Eseka,CM,2022-05-16 00:04:54,3.65,10.7667,73.02,99,100,0.94
38,Faya,SA,2022-05-16 00:04:55,18.3851,42.4509,59.52,12,2,6.91
39,East London,ZA,2022-05-16 00:00:39,-33.0153,27.9116,61.88,84,0,7.9
40,Jamestown,US,2022-05-16 00:04:56,42.097,-79.2353,73.04,49,0,3.44
41,Weiser,US,2022-05-16 00:04:56,44.251,-116.9693,84.4,39,64,3.0
42,Tasiilaq,GL,2022-05-16 00:03:36,65.6145,-37.6368,35.76,98,100,7.65
43,Taltal,CL,2022-05-16 00:04:57,-25.4,-70.4833,60.13,80,89,4.52
44,Tonj,SS,2022-05-16 00:04:57,7.2737,28.6822,74.89,88,97,1.66
45,Acapulco,MX,2022-05-16 00:00:24,16.8634,-99.8901,85.62,63,49,10.0
46,Norman Wells,CA,2022-05-16 00:04:58,65.282,-126.8329,57.29,52,95,16.26
47,Port Alfred,ZA,2022-05-16 00:02:33,-33.5906,26.891,62.13,84,0,9.04
48,Kahului,US,2022-05-16 00:05:59,20.8947,-156.47,89.62,43,40,18.41
49,Avarua,CK,2022-05-16 00:05:59,-21.2078,-159.775,80.65,65,75,4.61
50,Kurilsk,RU,2022-05-16 00:06:00,45.2333,147.8833,51.51,51,0,9.69
51,Bowen,AU,2022-05-16 00:06:00,-20.0167,148.2333,76.89,72,0,3.33
52,Balgazyn,RU,2022-05-16 00:06:01,51.0,95.2,59.92,24,27,2.26
53,Nikolskoye,RU,2022-05-16 00:06:02,59.7035,30.7861,46.87,89,41,8.19
54,Punakha,BT,2022-05-16 00:06:02,27.5837,89.8598,68.2,92,74,0.6
55,Mogok,MM,2022-05-16 00:06:03,22.9167,96.5,67.19,92,100,2.1
56,Muros,ES,2022-05-16 00:06:03,42.7762,-9.0603,66.16,90,99,18.81
57,Ahuimanu,US,2022-05-16 00:06:04,21.4447,-157.8378,80.31,67,0,12.66
58,Mar Del Plata,AR,2022-05-16 00:06:04,-38.0023,-57.5575,52.95,82,40,11.5
59,Ponta Do Sol,PT,2022-05-16 00:06:05,32.6667,-17.1,70.0,83,9,6.06
60,Kaitangata,NZ,2022-05-16 00:02:10,-46.2817,169.8464,54.12,68,6,3.38
61,Paamiut,GL,2022-05-16 00:06:06,61.994,-49.6678,32.86,78,13,13.33
62,Arraial Do Cabo,BR,2022-05-16 00:06:06,-22.9661,-42.0278,74.37,82,89,20.65
63,Buala,SB,2022-05-16 00:06:07,-8.145,159.5921,84.88,67,8,0.87
64,Portree,GB,2022-05-16 00:06:07,57.4129,-6.1942,53.53,83,86,5.32
65,Paidha,UG,2022-05-16 00:06:08,2.4167,30.9855,61.09,87,96,4.92
66,Loiza,PR,2022-05-16 00:06:08,18.4313,-65.8802,80.6,79,40,11.5
67,Pangody,RU,2022-05-16 00:06:09,65.85,74.4859,43.43,80,87,7.99
68,Bindura,ZW,2022-05-16 00:06:10,-17.3019,31.3306,50.65,83,0,2.59
69,Atuona,PF,2022-05-16 00:06:10,-9.8,-139.0333,78.82,72,17,16.49
70,Energeticheskiy,KZ,2022-05-16 00:06:11,43.4278,77.0222,50.56,87,20,2.24
71,Boa Vista,BR,2022-05-16 00:06:11,2.8197,-60.6733,84.18,74,40,1.14
72,Punta Arenas,CL,2022-05-16 00:04:14,-53.15,-70.9167,42.91,81,0,5.75
73,Jiuquan,CN,2022-05-16 00:02:15,39.7432,98.5174,57.16,10,20,3.22
74,Vardo,NO,2022-05-16 00:06:12,70.3705,31.1107,37.38,81,100,10.36
75,Alofi,NU,2022-05-16 00:05:58,-19.0595,-169.9187,77.5,58,94,12.95
76,Henties Bay,NA,2022-05-16 00:06:13,-22.116,14.2845,63.16,61,1,4.27
77,Concarneau,FR,2022-05-16 00:06:14,47.875,-3.9225,62.82,92,67,9.55
78,Atar,MR,2022-05-16 00:06:14,20.5169,-13.0499,91.2,14,42,9.33
79,Sorland,NO,2022-05-16 00:06:15,67.667,12.6934,39.06,68,100,21.74
80,Nahavand,IR,2022-05-16 00:06:15,34.1885,48.377,59.65,37,0,3.53
81,Esperance,AU,2022-05-16 00:06:16,-33.8667,121.9,51.64,74,100,2.15
82,Pitimbu,BR,2022-05-16 00:06:16,-7.4706,-34.8086,77.59,84,59,7.14
83,Sulangan,PH,2022-05-16 00:06:17,11.1373,123.7228,82.56,76,100,5.99
84,Christchurch,NZ,2022-05-16 00:03:50,-43.5333,172.6333,57.42,94,75,6.91
85,Warrnambool,AU,2022-05-16 00:06:17,-38.3833,142.4833,55.81,70,99,19.69
86,Yumen,CN,2022-05-16 00:06:18,40.2833,97.2,54.21,11,1,7.07
87,Touros,BR,2022-05-16 00:06:18,-5.1989,-35.4608,77.88,88,48,8.95
88,Tiksi,RU,2022-05-16 00:06:19,71.6872,128.8694,13.51,93,91,5.26
89,Faanui,PF,2022-05-16 00:06:20,-16.4833,-151.75,80.02,70,67,4.45
90,Ostrovnoy,RU,2022-05-16 00:06:20,68.0531,39.5131,34.3,89,64,6.55
91,Pastavy,BY,2022-05-16 00:06:21,55.1168,26.8326,38.26,86,48,9.55
92,Ayna,PE,2022-05-16 00:06:21,-12.65,-73.9167,61.7,89,71,1.01
93,Bonfim,BR,2022-05-16 00:06:22,3.0833,-59.95,78.62,79,90,3.27
94,New Norfolk,AU,2022-05-16 00:06:22,-42.7826,147.0587,51.3,72,83,5.01
95,Bellevue,US,2022-05-16 00:07:23,47.6104,-122.2007,62.31,90,100,6.91
96,Hasaki,JP,2022-05-16 00:07:23,35.7333,140.8333,57.6,89,100,16.13
97,San Cristobal,VE,2022-05-16 00:07:24,7.7669,-72.225,68.31,92,100,3.0
98,Bredasdorp,ZA,2022-05-16 00:07:25,-34.5322,20.0403,54.63,85,0,3.6
99,Alta Floresta,BR,2022-05-16 00:07:26,-9.8756,-56.0861,74.03,91,36,3.85
100,Nouadhibou,MR,2022-05-16 00:07:26,20.931,-17.0347,70.02,66,87,22.3
101,Husavik,IS,2022-05-16 00:07:27,66.0449,-17.3389,46.18,86,63,9.28
102,Saskylakh,RU,2022-05-16 00:07:27,71.9167,114.0833,33.4,100,100,5.7
103,Rondonopolis,BR,2022-05-16 00:07:32,-16.4708,-54.6356,72.99,86,43,9.48
104,Isangel,VU,2022-05-16 00:07:32,-19.55,169.2667,79.3,70,40,14.34
105,Bengkulu,ID,2022-05-16 00:07:33,-3.8004,102.2655,76.5,91,97,4.32
106,Chokwe,MZ,2022-05-16 00:07:33,-24.5333,32.9833,64.06,97,16,6.38
107,Ribeira Grande,PT,2022-05-16 00:07:34,38.5167,-28.7,60.17,80,85,43.98
108,Victor Harbor,AU,2022-05-16 00:07:35,-35.5667,138.6167,59.0,71,56,13.02
109,Miyang,CN,2022-05-16 00:07:35,24.4042,103.4428,53.53,92,100,2.59
110,Tual,ID,2022-05-16 00:07:36,-5.6667,132.75,82.65,72,99,8.97
111,Iqaluit,CA,2022-05-16 00:07:36,63.7506,-68.5145,25.7,79,93,15.01
112,Cabedelo,BR,2022-05-16 00:07:37,-6.9811,-34.8339,77.67,85,92,8.84
113,Katobu,ID,2022-05-16 00:07:38,-4.9408,122.5276,82.56,76,17,4.38
114,Kushima,JP,2022-05-16 00:07:38,31.4583,131.2333,57.88,90,100,2.28
115,Takab,IR,2022-05-16 00:07:39,36.4009,47.1133,56.17,48,32,3.69
116,Hithadhoo,MV,2022-05-16 00:07:39,-0.6,73.0833,82.69,76,99,12.15
117,Nortelandia,BR,2022-05-16 00:07:40,-14.4547,-56.8028,78.66,66,27,7.14
118,The Valley,AI,2022-05-16 00:07:40,18.217,-63.0578,80.46,78,96,21.21
119,Broome,US,2022-05-16 00:07:41,42.2506,-75.833,70.56,83,0,6.91
120,Busselton,AU,2022-05-16 00:07:42,-33.65,115.3333,55.02,73,42,8.68
121,Cabo San Lucas,MX,2022-05-16 00:07:42,22.8909,-109.9124,94.3,14,40,12.66
122,Haines Junction,CA,2022-05-16 00:07:43,60.7522,-137.5108,44.22,66,92,1.28
123,Guerrero Negro,MX,2022-05-16 00:07:43,27.9769,-114.0611,69.49,60,98,17.29
124,Vallenar,CL,2022-05-16 00:07:44,-28.5708,-70.7581,60.13,55,0,2.66
125,San Joaquin,US,2022-05-16 00:07:44,37.9333,-121.3011,86.25,35,0,21.85
126,Saint-Louis,SN,2022-05-16 00:07:45,16.3333,-15.0,93.58,10,67,8.16
127,Havoysund,NO,2022-05-16 00:07:45,70.9963,24.6622,39.43,98,100,12.1
128,Nantucket,US,2022-05-16 00:07:46,41.2835,-70.0995,59.05,97,100,9.22
129,Te Anau,NZ,2022-05-16 00:06:00,-45.4167,167.7167,55.67,63,10,2.71
130,Mindif,CM,2022-05-16 00:07:47,10.3976,14.4363,84.6,49,92,6.53
131,Moron,AR,2022-05-16 00:07:47,-34.6534,-58.6198,55.15,57,24,9.73
132,Del Rio,US,2022-05-16 00:03:44,29.3627,-100.8968,100.51,15,0,10.36
133,Namibe,AO,2022-05-16 00:07:48,-15.1961,12.1522,71.8,60,1,6.91
134,Puerto Escondido,MX,2022-05-16 00:07:48,15.85,-97.0667,86.83,66,75,5.75
135,Zhigalovo,RU,2022-05-16 00:07:49,54.8097,105.1578,56.61,47,99,3.62
136,Nipawin,CA,2022-05-16 00:07:50,53.3668,-104.0009,50.07,53,70,13.85
137,Ulaanbaatar,MN,2022-05-16 00:07:50,47.9077,106.8832,54.63,25,73,1.92
138,Yulara,AU,2022-05-16 00:07:51,-25.2406,130.9889,64.74,28,0,14.63
139,Bestobe,KZ,2022-05-16 00:07:51,52.4994,73.0975,59.27,69,92,9.37
140,Frunze,UA,2022-05-16 00:07:52,48.6686,38.7544,49.15,90,21,9.82
141,Kinchil,MX,2022-05-16 00:08:52,20.9167,-89.95,83.05,56,0,8.48
142,Okha,RU,2022-05-16 00:04:52,53.5739,142.9478,35.15,99,89,7.34
143,Qaanaaq,GL,2022-05-16 00:08:53,77.484,-69.3632,22.53,75,99,4.52
144,Hobart,AU,2022-05-16 00:08:24,-42.8794,147.3294,51.66,73,20,19.57
145,Bambous Virieux,MU,2022-05-16 00:08:54,-20.3428,57.7575,72.21,84,62,11.14
146,Yellowknife,CA,2022-05-16 00:06:43,62.456,-114.3525,51.57,40,100,11.99
147,Milkovo,RU,2022-05-16 00:08:54,54.7167,158.6167,42.48,71,100,4.74
148,Cherskiy,RU,2022-05-16 00:08:55,68.75,161.3,32.92,84,90,8.25
149,Kidal,ML,2022-05-16 00:08:56,18.4411,1.4078,90.07,25,40,8.97
150,Nicoya,CR,2022-05-16 00:08:56,10.1483,-85.452,81.18,80,99,3.8
151,Hualmay,PE,2022-05-16 00:08:57,-11.0964,-77.6139,63.77,83,63,7.67
152,Jackson,US,2022-05-16 00:08:57,42.4165,-122.8345,79.16,42,0,14.97
153,Road Town,VG,2022-05-16 00:06:21,18.4167,-64.6167,80.64,78,20,11.5
154,Skole,UA,2022-05-16 00:08:58,49.0372,23.5135,45.14,92,9,2.95
155,Mareeba,AU,2022-05-16 00:08:59,-17.0,145.4333,80.65,68,31,1.12
156,Fort Morgan,US,2022-05-16 00:08:59,40.2503,-103.8,74.05,21,0,6.91
157,Salalah,OM,2022-05-16 00:09:00,17.0151,54.0924,82.49,47,0,6.91
158,Synya,RU,2022-05-16 00:09:01,65.3718,58.0387,39.25,99,95,2.66
159,Georgetown,MY,2022-05-16 00:04:38,5.4112,100.3354,80.53,94,40,2.3
160,Varberg,SE,2022-05-16 00:09:01,57.1056,12.2508,43.93,91,58,2.93
161,Le Port,RE,2022-05-16 00:09:02,-20.9373,55.2919,73.36,64,17,3.0
162,Chokurdakh,RU,2022-05-16 00:09:02,70.6333,147.9167,19.96,83,99,11.25
163,Chuy,UY,2022-05-16 00:09:03,-33.6971,-53.4616,49.14,66,19,10.11
164,Pangnirtung,CA,2022-05-16 00:06:18,66.1451,-65.7125,18.66,95,49,3.33
165,Kavieng,PG,2022-05-16 00:09:04,-2.5744,150.7967,83.73,66,97,3.47
166,Rudbar,AF,2022-05-16 00:09:05,30.15,62.6,72.09,24,0,13.4
167,Kavaratti,IN,2022-05-16 00:09:06,10.5669,72.642,79.65,85,100,15.21
168,Port Augusta,AU,2022-05-16 00:09:06,-32.5,137.7667,61.83,64,37,7.29
169,Lompoc,US,2022-05-16 00:04:52,34.6391,-120.4579,73.69,82,100,16.11
170,Lock Haven,US,2022-05-16 00:09:08,41.137,-77.4469,72.09,99,74,4.29
171,San Pedro,PH,2022-05-16 00:09:09,14.35,121.0167,83.43,83,75,2.3
172,Ketchikan,US,2022-05-16 00:06:59,55.3422,-131.6461,48.67,87,100,8.05
173,Goderich,CA,2022-05-16 00:09:09,43.7501,-81.7165,52.92,99,99,16.35
174,Chicama,PE,2022-05-16 00:09:10,-7.8447,-79.1469,61.34,75,87,4.56
175,Severo-Kurilsk,RU,2022-05-16 00:09:10,50.6789,156.125,36.68,98,100,15.1
176,Semirom,IR,2022-05-16 00:09:11,31.4167,51.5667,54.43,23,0,0.18
177,Havre-Saint-Pierre,CA,2022-05-16 00:09:11,50.2334,-63.5986,37.99,82,59,12.53
178,Boaco,NI,2022-05-16 00:09:12,12.4722,-85.6586,85.21,54,81,6.44
179,Ixtapa,MX,2022-05-16 00:08:30,20.7,-105.2,81.23,65,0,11.5
180,Kaeo,NZ,2022-05-16 00:09:13,-35.1,173.7833,72.32,76,71,10.69
181,Champerico,GT,2022-05-16 00:09:13,14.3,-91.9167,88.34,70,83,9.86
182,Hami,CN,2022-05-16 00:09:14,42.8,93.45,66.07,7,82,9.95
183,Trairi,BR,2022-05-16 00:05:42,-3.2778,-39.2689,77.27,90,92,7.78
184,Talnakh,RU,2022-05-16 00:09:14,69.4865,88.3972,37.4,91,100,10.54
185,Mahebourg,MU,2022-05-16 00:08:34,-20.4081,57.7,72.25,84,49,10.87
186,Daru,PG,2022-05-16 00:09:15,-9.0763,143.2092,81.28,67,29,3.85
187,Praia,CV,2022-05-16 00:09:16,14.9215,-23.5087,72.63,81,98,15.28
188,Gazli,UZ,2022-05-16 00:10:16,40.1333,63.45,70.56,40,61,5.64
189,Shache,CN,2022-05-16 00:10:17,38.4167,77.2406,64.71,45,100,7.16
190,Saldanha,ZA,2022-05-16 00:10:20,-33.0117,17.9442,61.27,51,0,8.25
191,Patiya,BD,2022-05-16 00:10:21,22.2931,91.9762,78.75,92,100,6.02
192,Sobolevo,RU,2022-05-16 00:10:22,54.4299,31.8996,39.58,85,16,9.78
193,Skjervoy,NO,2022-05-16 00:10:22,70.0311,20.9714,37.4,99,100,16.89
194,Tanggu,CN,2022-05-16 00:10:23,39.0211,117.6469,69.76,27,15,7.87
195,Port Lincoln,AU,2022-05-16 00:10:23,-34.7333,135.8667,60.71,58,77,17.07
196,Providencia,MX,2022-05-16 00:10:24,28.7167,-111.5833,100.2,25,83,9.84
197,Marsa Matruh,EG,2022-05-16 00:10:25,31.3525,27.2453,64.22,88,0,5.61
198,Provideniya,RU,2022-05-16 00:10:25,64.3833,-173.3,42.91,70,75,13.0
199,Salinopolis,BR,2022-05-16 00:10:26,-0.6136,-47.3561,79.93,87,93,11.3
200,Hay River,CA,2022-05-16 00:10:26,60.8156,-115.7999,53.08,45,87,11.72
201,Yenotayevka,RU,2022-05-16 00:10:27,47.2456,47.0281,57.79,65,70,9.42
202,Avera,US,2022-05-16 00:10:27,33.194,-82.5271,80.11,61,91,4.05
203,Antofagasta,CL,2022-05-16 00:06:03,-23.65,-70.4,58.28,81,96,5.46
204,Brasilia De Minas,BR,2022-05-16 00:10:28,-16.2064,-44.4333,74.82,51,96,3.31
205,Kingsport,US,2022-05-16 00:08:14,36.5484,-82.5618,77.92,53,75,6.91
206,Sioux Lookout,CA,2022-05-16 00:10:29,50.1001,-91.917,43.27,81,100,9.93
207,Turbiv,UA,2022-05-16 00:10:29,49.3479,28.7212,45.79,88,43,6.93
208,Tura,IN,2022-05-16 00:10:30,25.5198,90.2201,73.74,97,92,5.53
209,Ambon,ID,2022-05-16 00:10:31,-3.6954,128.1814,82.81,77,37,7.47
210,Ust-Kuyga,RU,2022-05-16 00:10:31,70.0167,135.6,21.7,81,76,5.01
211,Severnyy,RU,2022-05-16 00:10:32,50.677,36.5532,46.44,87,0,8.95
212,Porbandar,IN,2022-05-16 00:10:32,21.6422,69.6093,82.67,78,0,16.2
213,Nongan,CN,2022-05-16 00:10:33,44.382,125.1685,60.69,44,74,4.88
214,Pokrovka,KG,2022-05-16 00:10:34,42.3414,78.0056,48.34,74,93,1.25
215,Praya,CV,2022-05-16 00:10:35,14.9215,-23.5087,72.99,79,94,14.7
216,Dikson,RU,2022-05-16 00:10:35,73.5069,80.5464,34.05,90,100,11.36
217,Kem,RU,2022-05-16 00:10:36,64.9555,34.5793,37.42,97,100,5.21
218,Viransehir,TR,2022-05-16 00:10:36,37.2353,39.7631,57.47,83,47,2.62
219,Ust-Maya,RU,2022-05-16 00:10:37,60.4167,134.5333,39.29,72,100,10.47
220,Castro,BR,2022-05-16 00:10:37,-24.7911,-50.0119,54.0,97,16,4.52
221,Pevek,RU,2022-05-16 00:10:38,69.7008,170.3133,26.58,80,99,3.94
222,George Town,MY,2022-05-16 00:08:26,5.4112,100.3354,80.53,94,40,2.3
223,Jaisalmer,IN,2022-05-16 00:10:40,26.9147,70.9181,79.12,63,0,23.04
224,Filingue,NE,2022-05-16 00:10:40,14.3521,3.3168,96.84,19,83,7.92
225,Vavozh,RU,2022-05-16 00:10:41,56.7751,51.931,45.55,84,76,1.14
226,Urengoy,RU,2022-05-16 00:10:42,65.9667,78.3667,49.15,81,100,6.22
227,Vestmannaeyjar,IS,2022-05-16 00:06:14,63.4427,-20.2734,48.7,92,98,20.96
228,Codrington,AU,2022-05-16 00:10:42,-38.2667,141.9667,53.22,70,93,15.55
229,Urumqi,CN,2022-05-16 00:10:43,43.801,87.6005,59.95,67,75,11.18
230,Carandai,BR,2022-05-16 00:10:44,-20.9536,-43.8064,56.89,92,96,4.63
231,Nome,US,2022-05-16 00:10:44,64.5011,-165.4064,42.87,75,0,10.36
232,Ewa Beach,US,2022-05-16 00:11:45,21.3156,-158.0072,80.55,64,75,12.66
233,Honiara,SB,2022-05-16 00:11:45,-9.4333,159.95,86.47,62,6,2.42
234,Bandarbeyla,SO,2022-05-16 00:11:46,9.4942,50.8122,81.72,83,26,20.62
235,Port Elizabeth,ZA,2022-05-16 00:11:06,-33.918,25.5701,55.31,98,0,1.99
236,Mount Gambier,AU,2022-05-16 00:11:47,-37.8333,140.7667,54.52,61,91,12.06
237,Along,IN,2022-05-16 00:08:27,28.1667,94.7667,72.12,99,100,1.07
238,Seoul,KR,2022-05-16 00:08:53,37.5683,126.9778,58.44,41,0,6.6
239,Luanda,AO,2022-05-16 00:08:52,-8.8368,13.2343,74.93,89,8,7.78
240,Axim,GH,2022-05-16 00:11:48,4.8699,-2.2405,78.87,88,29,4.99
241,Bushenyi,UG,2022-05-16 00:11:49,-0.5853,30.2114,61.99,90,82,1.14
242,Cidreira,BR,2022-05-16 00:11:50,-30.1811,-50.2056,60.06,86,100,15.5
243,Lorengau,PG,2022-05-16 00:11:51,-2.0226,147.2712,83.77,64,100,3.33
244,Nemuro,JP,2022-05-16 00:11:51,43.3236,145.575,47.77,73,0,15.3
245,Shingu,JP,2022-05-16 00:11:52,33.7333,135.9833,58.78,87,100,2.24
246,Kuito,AO,2022-05-16 00:11:52,-12.3833,16.9333,59.79,52,45,3.71
247,Kodiak,US,2022-05-16 00:11:53,57.79,-152.4072,49.51,62,0,12.66
248,Grindavik,IS,2022-05-16 00:08:36,63.8424,-22.4338,48.67,93,100,23.02
249,Chardara,KZ,2022-05-16 00:11:53,41.2547,67.9692,66.36,60,33,3.98
250,Inhambane,MZ,2022-05-16 00:11:54,-23.865,35.3833,70.03,79,13,9.57
251,Yar-Sale,RU,2022-05-16 00:11:55,66.8333,70.8333,37.67,94,51,8.3
252,Egvekinot,RU,2022-05-16 00:11:55,66.3167,-179.1667,28.17,83,100,1.54
253,Voitsberg,AT,2022-05-16 00:11:56,47.0333,15.15,59.52,62,80,3.2
254,Price,US,2022-05-16 00:08:43,39.5994,-110.8107,84.11,10,0,6.91
255,Nanyamba,TZ,2022-05-16 00:11:57,-10.6833,39.8333,65.14,97,13,4.12
256,Fortuna,US,2022-05-16 00:11:57,40.5982,-124.1573,67.93,67,20,13.8
257,Flin Flon,CA,2022-05-16 00:07:03,54.7682,-101.865,37.31,88,99,11.86
258,Nakamura,JP,2022-05-16 00:11:58,32.9833,132.9333,64.06,72,100,2.33
259,Marsh Harbour,BS,2022-05-16 00:11:58,26.5412,-77.0636,78.64,80,6,10.4
260,Russkaya Polyana,UA,2022-05-16 00:11:59,49.417,31.9201,46.98,85,37,8.66
261,Lisakovsk,KZ,2022-05-16 00:12:00,52.5369,62.4936,55.02,85,100,11.36
262,Dryden,CA,2022-05-16 00:10:48,49.7833,-92.7503,44.89,81,100,5.75
263,Krasnoselkup,RU,2022-05-16 00:12:00,65.7,82.4667,50.67,98,100,2.26
264,Labelle,US,2022-05-16 00:12:01,26.7617,-81.4384,82.47,49,11,8.59
265,Luganville,VU,2022-05-16 00:12:01,-15.5333,167.1667,81.81,68,90,11.97
266,Gobabis,NA,2022-05-16 00:12:02,-22.45,18.9667,57.29,39,3,11.97
267,Manta,EC,2022-05-16 00:09:06,-0.95,-80.7333,76.78,83,100,9.22
268,Jacqueville,CI,2022-05-16 00:12:03,5.2052,-4.4146,81.54,83,79,9.31
269,Rudraprayag,IN,2022-05-16 00:12:03,30.2833,78.9833,73.51,26,1,5.06
270,Gigmoto,PH,2022-05-16 00:12:04,13.7796,124.39,83.79,74,99,9.08
271,Sungaipenuh,ID,2022-05-16 00:12:04,-2.0833,101.3833,66.63,96,92,0.6
272,Bongandanga,CD,2022-05-16 00:12:05,1.5,21.05,72.93,78,51,1.34
273,Darhan,MN,2022-05-16 00:12:06,49.4867,105.9228,62.01,25,59,3.4
274,Quepos,CR,2022-05-16 00:07:33,9.4236,-84.1652,80.76,83,59,2.64
275,Koraput,IN,2022-05-16 00:12:07,18.8167,82.7167,75.87,69,48,5.57
276,Santa Marinella,IT,2022-05-16 00:12:07,42.0345,11.8536,62.69,63,41,4.25
277,Katsuura,JP,2022-05-16 00:12:08,35.1333,140.3,59.02,95,100,5.23
278,Labuan,MY,2022-05-16 00:12:09,5.2767,115.2417,81.7,82,92,5.17
279,Changji,CN,2022-05-16 00:13:09,44.0167,87.3167,63.39,67,75,11.18
280,Tairua,NZ,2022-05-16 00:13:10,-37.0167,175.85,65.53,91,100,8.32
281,Marrakesh,MA,2022-05-16 00:08:54,31.6315,-8.0083,69.87,64,20,8.05
282,Bardiyah,LY,2022-05-16 00:13:11,31.7561,25.0865,65.39,81,0,9.69
283,Sao Filipe,CV,2022-05-16 00:13:12,14.8961,-24.4956,75.4,75,22,6.64
284,Biak,ID,2022-05-16 00:13:13,-0.9131,122.8766,80.78,79,43,0.92
285,Duncan,US,2022-05-16 00:10:56,34.5023,-97.9578,94.89,36,40,13.8
286,Ilulissat,GL,2022-05-16 00:13:13,69.2167,-51.1,21.22,63,14,0.0
287,Tuatapere,NZ,2022-05-16 00:13:14,-46.1333,167.6833,56.77,56,5,4.41
288,Rio Gallegos,AR,2022-05-16 00:13:15,-51.6226,-69.2181,48.25,66,75,19.57
289,Bonavista,CA,2022-05-16 00:13:16,48.6499,-53.1147,32.43,80,27,7.81
290,Victoria Falls,ZW,2022-05-16 00:13:17,-17.9235,25.843,57.49,59,0,4.03
291,Shihezi,CN,2022-05-16 00:13:17,44.3,86.0333,63.39,64,100,9.86
292,Placido De Castro,BR,2022-05-16 00:13:18,-10.3353,-67.1856,76.89,85,100,2.26
293,Kitimat,CA,2022-05-16 00:13:18,54.0524,-128.6534,51.91,46,100,1.01
294,Araouane,ML,2022-05-16 00:13:19,18.9048,-3.5265,84.81,9,0,6.51
295,Bac Lieu,VN,2022-05-16 00:13:20,9.285,105.7244,83.89,77,100,8.21
296,Inirida,CO,2022-05-16 00:13:20,3.8653,-67.9239,76.44,94,94,0.54
297,Comodoro Rivadavia,AR,2022-05-16 00:13:21,-45.8667,-67.5,37.26,87,0,6.91
298,Kenai,US,2022-05-16 00:13:22,60.5544,-151.2583,55.49,35,0,10.36
299,Porto Santo,PT,2022-05-16 00:13:22,33.072,-16.3415,66.58,88,0,6.91
300,Bontang,ID,2022-05-16 00:13:23,0.1333,117.5,78.53,87,95,5.26
301,La Ronge,CA,2022-05-16 00:13:23,55.1001,-105.2842,45.19,54,98,7.63
302,Narrabri,AU,2022-05-16 00:13:24,-30.3167,149.7833,67.51,70,0,5.99
303,Elblag,PL,2022-05-16 00:13:25,54.1522,19.4088,44.98,90,8,2.39
304,Zhoucheng,CN,2022-05-16 00:13:25,35.9122,116.3117,68.79,27,0,5.32
305,Ahipara,NZ,2022-05-16 00:13:26,-35.1667,173.1667,68.16,78,46,12.3
306,Clyde River,CA,2022-05-16 00:13:27,70.4692,-68.5914,23.47,85,94,3.31
307,Porto Velho,BR,2022-05-16 00:11:12,-8.7619,-63.9039,76.66,93,100,1.95
308,Moa,CU,2022-05-16 00:13:28,20.6569,-74.9403,77.99,83,100,1.88
309,Srednekolymsk,RU,2022-05-16 00:12:21,67.45,153.6833,31.95,96,100,13.58
310,Mana,GF,2022-05-16 00:13:28,5.6592,-53.7767,78.4,91,95,8.37
311,Luderitz,NA,2022-05-16 00:13:29,-26.6481,15.1594,71.33,28,54,5.88
312,Bessonovka,RU,2022-05-16 00:13:30,53.3097,45.0407,43.32,94,57,4.92
313,Mecca,SA,2022-05-16 00:09:06,21.4267,39.8261,90.0,8,0,7.72
314,Lardos,GR,2022-05-16 00:13:31,36.0942,28.0157,67.95,78,0,10.89
315,Carutapera,BR,2022-05-16 00:13:31,-1.195,-46.02,77.68,92,73,6.85
316,Etchojoa,MX,2022-05-16 00:13:32,26.9167,-109.6333,94.26,21,83,10.09
317,Jalu,LY,2022-05-16 00:13:33,29.0331,21.5482,71.83,34,0,10.67
318,Hambantota,LK,2022-05-16 00:13:34,6.1241,81.1185,79.93,84,44,18.32
319,Lavrentiya,RU,2022-05-16 00:13:34,65.5833,-171.0,31.96,77,54,10.71
320,Nanortalik,GL,2022-05-16 00:13:35,60.1432,-45.2371,30.65,81,92,6.22
321,Montes Altos,BR,2022-05-16 00:13:35,-5.8333,-47.0667,74.52,90,100,3.0
322,Nishihara,JP,2022-05-16 00:13:36,26.1842,127.7558,65.48,94,75,14.97
323,Horsham,GB,2022-05-16 00:13:37,51.064,-0.3272,58.96,93,100,4.61
324,Olafsvik,IS,2022-05-16 00:14:37,64.8945,-23.7142,47.1,92,99,15.39
325,Leh,IN,2022-05-16 00:14:38,34.1667,77.5833,44.49,53,17,3.96
326,Vestmanna,FO,2022-05-16 00:09:48,62.1564,-7.1664,45.52,87,75,16.11
327,Victoria,HK,2022-05-16 00:14:29,22.2855,114.1577,67.32,91,100,5.99
328,Bull Savanna,JM,2022-05-16 00:14:39,17.8868,-77.5902,76.57,83,96,9.73
329,Yamada,JP,2022-05-16 00:14:40,39.4667,141.95,57.69,50,100,4.68
330,Medea,DZ,2022-05-16 00:14:40,36.2642,2.7539,66.56,47,68,5.19
331,Nizwa,OM,2022-05-16 00:14:41,22.9333,57.5333,77.63,24,0,2.98
332,Kluczbork,PL,2022-05-16 00:14:41,50.9728,18.2182,52.99,75,28,2.64
333,Port Macquarie,AU,2022-05-16 00:10:11,-31.4333,152.9167,75.88,79,87,7.92
334,Longyearbyen,SJ,2022-05-16 00:14:42,78.2186,15.6401,30.04,74,75,2.3
335,Alihe,CN,2022-05-16 00:14:43,50.5667,123.7167,49.33,28,57,8.68
336,Lac Du Bonnet,CA,2022-05-16 00:14:43,50.2536,-96.0612,44.4,68,100,11.43
337,Coquimbo,CL,2022-05-16 00:14:44,-29.9533,-71.3436,56.93,82,100,2.3
338,Nesbyen,NO,2022-05-16 00:14:44,60.5681,9.1027,45.01,81,72,3.0
339,Kemijarvi,FI,2022-05-16 00:14:45,66.7131,27.4306,37.38,95,100,4.38
340,Zharkent,KZ,2022-05-16 00:14:45,44.1628,80.0,58.98,74,56,4.59
341,Sakakah,SA,2022-05-16 00:14:46,29.9697,40.2064,75.61,30,33,10.11
342,San Andres,CO,2022-05-16 00:11:49,12.5847,-81.7006,82.42,83,75,6.91
343,Palu,ID,2022-05-16 00:14:47,-0.8917,119.8707,82.42,80,13,0.94
344,Dunmore Town,BS,2022-05-16 00:14:47,25.5,-76.65,79.79,75,34,4.45
345,Sabha,LY,2022-05-16 00:14:48,27.0377,14.4283,71.67,17,0,11.1
346,Eureka,US,2022-05-16 00:14:48,40.8021,-124.1637,70.66,70,58,7.0
347,Cherdakly,RU,2022-05-16 00:14:53,54.3594,48.845,48.24,94,100,3.42
348,Kasane,BW,2022-05-16 00:14:53,-17.8167,25.15,56.37,53,0,5.99
349,Ayorou,NE,2022-05-16 00:14:54,14.7308,0.9174,91.54,24,62,8.86
350,Souillac,MU,2022-05-16 00:14:54,-20.5167,57.5167,73.78,88,40,11.5
351,Goroka,PG,2022-05-16 00:14:55,-6.0834,145.3873,68.05,85,90,0.78
352,Sao Felix Do Xingu,BR,2022-05-16 00:12:14,-6.6447,-51.995,74.79,92,100,1.21
353,Tsiroanomandidy,MG,2022-05-16 00:14:56,-18.7667,46.0333,65.64,64,98,3.02
354,Umm Kaddadah,SD,2022-05-16 00:14:56,13.6017,26.6876,80.06,48,88,7.29
355,Sterling,US,2022-05-16 00:10:09,39.0062,-77.4286,71.6,87,75,3.44
356,Komatipoort,ZA,2022-05-16 00:14:57,-25.4332,31.9548,61.75,95,3,4.43
357,Ulladulla,AU,2022-05-16 00:14:57,-35.35,150.4667,64.76,53,0,8.03
358,Challans,FR,2022-05-16 00:14:58,46.8436,-1.8749,59.97,86,65,7.63
359,Uvira,CD,2022-05-16 00:14:59,-3.4067,29.1458,71.37,87,53,3.8
360,Elk Point,US,2022-05-16 00:14:59,42.6833,-96.6836,73.56,48,40,7.14
361,Tacoronte,ES,2022-05-16 00:15:00,28.4769,-16.4102,61.16,72,0,4.61
362,La Joya,MX,2022-05-16 00:10:24,18.6667,-99.4667,93.16,40,54,7.09
363,Hamilton,US,2022-05-16 00:14:33,39.1834,-84.5333,79.65,54,0,4.61
364,Petropavlovsk-Kamchatskiy,RU,2022-05-16 00:15:01,53.0452,158.6483,39.78,100,100,17.9
365,Bushehr,IR,2022-05-16 00:15:01,28.9684,50.8385,79.83,45,0,2.64
366,Lakatoro,VU,2022-05-16 00:15:02,-16.0999,167.4164,81.77,66,93,11.1
367,Pozo Colorado,PY,2022-05-16 00:15:02,-23.4923,-58.7972,59.79,70,0,6.04
368,Banda Aceh,ID,2022-05-16 00:15:03,5.5577,95.3222,81.05,80,98,11.52
369,Snezhnogorsk,RU,2022-05-16 00:15:03,69.1933,33.2531,36.79,83,40,9.8
370,Boyle,US,2022-05-16 00:16:04,37.6334,-84.8666,78.75,53,0,0.0
371,Hun,LY,2022-05-16 00:16:05,29.1268,15.9477,73.04,19,0,5.73
372,Metu,ET,2022-05-16 00:16:05,8.3,35.5833,58.57,97,80,2.77
373,Torbay,CA,2022-05-16 00:15:22,47.6666,-52.7314,35.28,84,75,10.0
374,Turayf,SA,2022-05-16 00:16:06,31.6725,38.6637,59.25,41,0,11.5
375,Sawtell,AU,2022-05-16 00:16:06,-30.3833,153.1,74.19,88,100,5.75
376,Wick,GB,2022-05-16 00:16:07,58.4333,-3.0833,48.25,93,20,12.66
377,Itaberaba,BR,2022-05-16 00:16:07,-12.5275,-40.3069,70.84,88,100,2.95
378,Peterhead,GB,2022-05-16 00:16:08,57.5058,-1.7981,48.6,91,51,14.14
379,Camasca,HN,2022-05-16 00:16:09,14.0,-88.3833,80.46,41,33,0.49
380,Pitea,SE,2022-05-16 00:16:09,65.3172,21.4794,42.89,74,8,9.82
381,Kerema,PG,2022-05-16 00:16:10,-7.9631,145.7785,80.74,79,71,2.35
382,Port Hedland,AU,2022-05-16 00:16:10,-20.3167,118.5667,78.85,29,40,11.5
383,Sabzevar,IR,2022-05-16 00:16:11,36.2126,57.6819,60.08,33,0,11.5
384,Lockport,US,2022-05-16 00:13:10,41.5895,-88.0578,66.0,66,100,8.05
385,Kieta,PG,2022-05-16 00:16:11,-6.2167,155.6333,84.92,68,14,3.2
386,Ankang,CN,2022-05-16 00:16:12,32.68,109.0172,59.16,63,100,2.04
387,Sao Jose Da Coroa Grande,BR,2022-05-16 00:16:12,-8.8978,-35.1478,79.07,80,100,5.93
388,Flinders,AU,2022-05-16 00:12:05,-34.5833,150.8552,70.05,78,0,5.99
389,Kungurtug,RU,2022-05-16 00:16:13,50.5994,97.5228,53.73,33,31,0.72
390,Teya,RU,2022-05-16 00:16:14,60.3778,92.6267,54.34,87,96,1.23
391,Avallon,FR,2022-05-16 00:16:14,47.4833,3.9,58.28,91,80,4.03
392,Inuvik,CA,2022-05-16 00:16:15,68.3499,-133.7218,41.76,75,75,3.44
393,Pacific Grove,US,2022-05-16 00:16:15,36.6177,-121.9166,78.55,82,40,12.66
394,Remanso,BR,2022-05-16 00:16:17,-9.6179,-42.0831,80.08,61,100,9.4
395,Barela,IN,2022-05-16 00:16:18,23.1,80.05,92.71,29,61,7.43
396,Kota Belud,MY,2022-05-16 00:16:18,6.351,116.4305,83.03,73,85,1.81
397,Lasa,IT,2022-05-16 00:16:19,46.6166,10.7002,65.28,92,97,2.08
398,Severo-Yeniseyskiy,RU,2022-05-16 00:16:19,60.3725,93.0408,51.24,81,100,2.35
399,Kodinsk,RU,2022-05-16 00:16:20,58.6881,99.1844,61.68,38,12,1.34
400,Komsomolskiy,UZ,2022-05-16 00:15:29,40.4272,71.7189,57.92,88,9,0.0
401,Catamarca,AR,2022-05-16 00:16:20,-28.4696,-65.7852,51.58,97,90,1.01
402,Ust-Ilimsk,RU,2022-05-16 00:12:15,58.0006,102.6619,61.61,40,32,2.68
403,Leningradskiy,RU,2022-05-16 00:16:21,69.3833,178.4167,26.15,76,98,2.19
404,Viedma,AR,2022-05-16 00:16:22,-40.8135,-62.9967,52.21,74,96,20.24
405,Kruisfontein,ZA,2022-05-16 00:16:22,-34.0033,24.7314,54.72,69,0,5.26
406,Salinas,US,2022-05-16 00:13:35,36.6777,-121.6555,81.57,66,40,12.66
407,Wanning,CN,2022-05-16 00:16:23,18.8003,110.3967,76.1,95,100,10.29
408,Kishtwar,IN,2022-05-16 00:16:23,33.3167,75.7667,60.66,44,51,6.04
409,Vacaria,BR,2022-05-16 00:16:24,-28.5122,-50.9339,50.2,98,95,5.88
410,Atambua,ID,2022-05-16 00:16:24,-9.1061,124.8925,77.88,76,9,3.33
411,Lamu,KE,2022-05-16 00:16:25,-2.2717,40.902,78.8,82,33,15.95
412,Vagur,FO,2022-05-16 00:16:25,61.4732,-6.8119,46.67,93,99,15.73
413,Kiama,AU,2022-05-16 00:16:26,-34.6833,150.8667,70.25,69,0,8.99
414,Verkhneuralsk,RU,2022-05-16 00:16:26,53.8769,59.2106,46.94,87,100,3.22
415,Huilong,CN,2022-05-16 00:17:27,31.8111,121.655,68.94,58,87,10.47
416,Misratah,LY,2022-05-16 00:17:27,32.3754,15.0925,71.28,53,2,10.96
417,Walvis Bay,NA,2022-05-16 00:17:28,-22.9575,14.5053,59.09,66,0,8.7
418,Artesia,US,2022-05-16 00:17:28,33.8658,-118.0831,90.72,50,0,10.36
419,Poum,NC,2022-05-16 00:17:29,-20.2333,164.0167,78.24,72,31,18.25
420,Laguna,US,2022-05-16 00:17:29,38.421,-121.4238,89.46,43,0,16.11
421,Karasburg,NA,2022-05-16 00:17:30,-28.0167,18.75,61.3,22,0,12.41
422,Union City,US,2022-05-16 00:15:35,37.5958,-122.0192,81.48,65,20,13.8
423,Kaminskiy,RU,2022-05-16 00:17:31,57.1516,41.4732,43.12,95,78,6.11
424,Sabaudia,IT,2022-05-16 00:17:31,41.3003,13.0282,66.2,93,93,5.73
425,Traian,RO,2022-05-16 00:17:32,46.6333,27.0333,58.71,63,75,4.61
426,Ancud,CL,2022-05-16 00:17:32,-41.8697,-73.8203,46.63,76,100,8.81
427,Carnarvon,AU,2022-05-16 00:15:04,-24.8667,113.6333,65.48,40,0,10.18
428,Qaqortoq,GL,2022-05-16 00:17:33,60.7167,-46.0333,31.5,74,26,2.39
429,Micoud,LC,2022-05-16 00:17:34,13.8167,-60.9,80.58,83,75,25.32
430,Miguel Auza,MX,2022-05-16 00:17:34,24.2933,-103.4503,83.43,11,3,14.25
431,Akdagmadeni,TR,2022-05-16 00:17:35,39.6603,35.8836,44.94,79,89,3.11
432,Vao,NC,2022-05-16 00:17:35,-22.6667,167.4833,74.07,72,64,15.57
433,Salamiyah,SY,2022-05-16 00:17:36,35.0113,37.0532,59.74,70,0,20.27
434,San Ramon De La Nueva Oran,AR,2022-05-16 00:17:37,-23.1322,-64.326,61.68,74,85,3.71
435,Kyren,RU,2022-05-16 00:17:37,51.6828,102.1408,62.08,27,64,2.37
436,Kamaishi,JP,2022-05-16 00:17:38,39.2667,141.8833,57.18,54,100,5.37
437,Whittlesea,ZA,2022-05-16 00:17:38,-32.1759,26.8244,47.32,79,0,1.68
438,Voh,NC,2022-05-16 00:17:39,-20.9667,164.7,82.31,56,67,6.4
439,Bielsk Podlaski,PL,2022-05-16 00:17:39,52.7651,23.1865,43.02,81,71,6.6
440,Mayna,RU,2022-05-16 00:17:40,54.1135,47.6231,42.76,93,100,7.49
441,Tigil,RU,2022-05-16 00:16:30,57.8,158.6667,48.31,62,100,10.31
442,Payo,ID,2022-05-16 00:17:40,-3.7508,103.6372,74.52,92,74,1.3
443,Madang,PG,2022-05-16 00:17:41,-5.2246,145.7966,81.79,73,93,2.66
444,Tautira,PF,2022-05-16 00:17:41,-17.7333,-149.15,80.83,73,89,13.35
445,Tefe,BR,2022-05-16 00:17:42,-3.3542,-64.7114,75.38,98,100,2.08
446,Chernyshevskiy,RU,2022-05-16 00:17:42,63.0128,112.4714,38.61,89,100,6.8
447,Kulhudhuffushi,MV,2022-05-16 00:17:43,6.6221,73.07,81.46,84,100,18.97
448,Turukhansk,RU,2022-05-16 00:17:43,65.8167,87.9833,56.05,61,97,3.4
449,Taoudenni,ML,2022-05-16 00:17:44,22.6783,-3.9836,90.01,6,53,13.62
450,Aksarka,RU,2022-05-16 00:17:44,66.5606,67.7975,44.89,90,62,10.38
451,Homer,US,2022-05-16 00:17:45,59.6425,-151.5483,55.29,51,0,10.36
452,Brejo,BR,2022-05-16 00:17:45,-3.6844,-42.7503,74.23,96,95,2.28
453,Santa Catarina De Tepehuanes,MX,2022-05-16 00:17:46,25.35,-105.7333,79.48,23,41,5.21
454,Sozimskiy,RU,2022-05-16 00:17:46,59.7418,52.2482,39.61,96,11,4.05
455,Thompson,CA,2022-05-16 00:16:40,55.7435,-97.8558,35.76,93,100,10.36
456,Johnstown,US,2022-05-16 00:16:41,40.3267,-78.922,77.79,62,0,6.91
457,Tambun,ID,2022-05-16 00:17:47,-6.2641,107.0712,85.48,82,71,1.32
458,Lagoa,PT,2022-05-16 00:17:48,39.05,-27.9833,61.11,80,84,51.52
459,Itarema,BR,2022-05-16 00:13:34,-2.9248,-39.9167,77.36,90,93,9.53
460,Kalundborg,DK,2022-05-16 00:18:48,55.6795,11.0886,51.94,75,41,4.59
461,Sao Gabriel Da Cachoeira,BR,2022-05-16 00:18:49,-0.1303,-67.0892,75.11,98,98,0.47
462,Karratha,AU,2022-05-16 00:18:49,-20.7377,116.8463,75.02,37,2,16.82
463,Coxim,BR,2022-05-16 00:18:50,-18.5067,-54.76,70.47,95,86,3.36
464,Maxixe,MZ,2022-05-16 00:18:50,-23.8597,35.3472,68.29,85,19,8.34
465,Sao Miguel Do Araguaia,BR,2022-05-16 00:18:51,-13.275,-50.1628,80.06,54,40,3.11
466,Clovis,US,2022-05-16 00:15:15,36.8252,-119.7029,94.01,27,75,18.41
467,Narsaq,GL,2022-05-16 00:18:52,60.9167,-46.05,39.42,71,20,3.67
468,Kampong Cham,KH,2022-05-16 00:18:52,11.9934,105.4635,81.36,83,100,3.31
469,Saint-Francois,FR,2022-05-16 00:18:53,46.4154,3.9054,60.67,94,79,3.44
470,Portland,US,2022-05-16 00:16:48,45.5234,-122.6762,69.53,76,75,8.01
471,Halifax,CA,2022-05-16 00:14:00,44.6453,-63.5724,47.7,93,100,5.01
472,Abu Samrah,SY,2022-05-16 00:18:54,35.3029,37.1841,60.31,71,0,17.43
473,Constitucion,CL,2022-05-16 00:14:57,-35.3333,-72.4167,55.99,58,100,3.85
474,Sinnamary,GF,2022-05-16 00:18:54,5.3833,-52.95,78.62,91,100,10.38
475,Onguday,RU,2022-05-16 00:18:55,50.75,86.15,53.78,83,100,1.74
476,Sinjar,IQ,2022-05-16 00:18:55,36.3209,41.8754,65.79,63,2,13.49
477,Ibb,YE,2022-05-16 00:16:57,13.9667,44.1833,66.29,26,0,4.09
478,Dafeng,CN,2022-05-16 00:18:56,23.4517,108.5881,61.03,86,99,7.05
479,Caravelas,BR,2022-05-16 00:18:57,-17.7125,-39.2481,74.03,77,98,5.3
480,Harper,LR,2022-05-16 00:18:57,4.375,-7.7169,79.09,87,100,7.99
481,Chara,RU,2022-05-16 00:18:57,56.9064,118.2631,43.92,73,100,7.09
482,Doha,QA,2022-05-16 00:17:20,25.2867,51.5333,82.38,49,0,9.22
483,La Roche-Sur-Yon,FR,2022-05-16 00:18:58,46.6667,-1.4333,57.47,94,71,4.61
484,San Patricio,US,2022-05-16 00:18:59,28.017,-97.5169,89.19,61,0,15.84
485,Russell,US,2022-05-16 00:18:59,32.3502,-85.1999,78.4,69,0,0.0
486,Santiago Del Estero,AR,2022-05-16 00:17:52,-27.7951,-64.2615,56.3,49,100,5.44
487,Ojinaga,MX,2022-05-16 00:19:00,29.5667,-104.4167,104.58,12,0,9.22
488,Taungdwingyi,MM,2022-05-16 00:19:01,20.0167,95.55,81.63,73,79,8.37
489,Ogbomosho,NG,2022-05-16 00:19:01,8.133,4.25,71.51,91,100,0.43
490,Nizhniy Tsasuchey,RU,2022-05-16 00:19:02,50.5167,115.1333,56.64,30,13,4.83
491,Quelimane,MZ,2022-05-16 00:16:51,-17.8786,36.8883,67.95,94,0,2.3
492,Andenes,NO,2022-05-16 00:19:02,69.3143,16.1194,37.38,87,100,18.41
493,Hofn,IS,2022-05-16 00:17:59,64.2539,-15.2082,47.64,89,100,3.47
494,Yeppoon,AU,2022-05-16 00:19:03,-23.1333,150.7333,76.78,76,51,8.23
495,Candabong,PH,2022-05-16 00:19:03,9.7343,124.5383,82.38,79,99,7.43
496,Vokhma,RU,2022-05-16 00:19:04,58.9303,46.7586,43.52,97,91,3.76
497,Belaya Gora,RU,2022-05-16 00:19:04,68.5333,146.4167,24.82,86,100,16.44
498,Riyadh,SA,2022-05-16 00:16:53,24.6877,46.7219,71.74,9,0,7.14
499,Flagstaff,US,2022-05-16 00:19:05,35.1981,-111.6513,84.09,7,0,16.11
500,Port-Gentil,GA,2022-05-16 00:14:29,-0.7193,8.7815,80.37,86,100,11.54
501,Hurghada,EG,2022-05-16 00:14:37,27.2574,33.8129,76.82,35,26,19.44
502,Sussex,US,2022-05-16 00:19:06,41.1834,-74.6663,73.53,81,100,5.75
503,Tocopilla,CL,2022-05-16 00:16:11,-22.092,-70.1979,65.14,66,74,7.67
504,Balabac,PH,2022-05-16 00:19:07,7.9868,117.0645,83.5,76,70,3.58
505,Berlevag,NO,2022-05-16 00:16:00,70.8578,29.0864,37.35,81,100,9.22
506,Smyshlyayevka,RU,2022-05-16 00:19:08,53.2391,50.3907,51.04,94,96,9.13
507,Kampot,KH,2022-05-16 00:19:08,10.6167,104.1833,78.85,81,97,6.46
508,Three Hills,CA,2022-05-16 00:19:09,51.7001,-113.2686,66.27,16,77,8.05
509,Olinda,BR,2022-05-16 00:20:09,-8.0089,-34.8553,78.53,89,75,11.5
510,Havelock,US,2022-05-16 00:20:10,34.8791,-76.9013,73.94,87,85,3.0
511,Dickinson,US,2022-05-16 00:20:10,29.4608,-95.0513,90.12,70,20,14.97
512,Huttwil,CH,2022-05-16 00:20:11,47.115,7.8621,61.21,81,99,3.36
513,Dukat,RU,2022-05-16 00:18:08,62.55,155.55,33.53,99,100,6.22
514,Skerries,IE,2022-05-16 00:20:12,53.5828,-6.1083,58.28,93,100,11.32
515,Auki,SB,2022-05-16 00:20:12,-8.7676,160.7034,85.06,67,8,3.22
516,Santa Vitoria Do Palmar,BR,2022-05-16 00:20:13,-33.5189,-53.3681,49.77,66,32,10.25
517,Zhangye,CN,2022-05-16 00:20:13,38.9342,100.4517,55.89,16,16,7.74
518,Kailua,US,2022-05-16 00:20:14,21.4022,-157.7394,80.58,68,0,12.66
519,Kurchum,KZ,2022-05-16 00:20:14,48.5722,83.6542,56.89,79,100,5.93
520,Hovd,MN,2022-05-16 00:20:15,48.0056,91.6419,60.31,22,100,3.4
521,Northam,GB,2022-05-16 00:20:15,51.0333,-4.2167,57.61,94,85,6.91
522,Entre Rios,BR,2022-05-16 00:20:16,-11.9419,-38.0844,70.45,96,50,2.51
523,Mbalmayo,CM,2022-05-16 00:20:16,3.5167,11.5,67.62,98,98,0.87
524,Sumbawanga,TZ,2022-05-16 00:20:17,-7.9667,31.6167,54.68,90,6,3.8
525,Mount Isa,AU,2022-05-16 00:20:17,-20.7333,139.5,76.77,44,0,12.66
526,Ust-Tarka,RU,2022-05-16 00:20:18,55.5672,75.705,56.95,50,87,6.85
527,Gotsu,JP,2022-05-16 00:20:18,35.0,132.2167,62.02,60,100,2.62
528,Evensk,RU,2022-05-16 00:20:19,61.95,159.2333,39.56,87,95,11.41
529,Aswan,EG,2022-05-16 00:20:20,24.0934,32.907,83.53,15,63,17.09
530,Ayan,RU,2022-05-16 00:16:41,56.45,138.1667,34.07,95,100,8.9
531,Saint Anthony,US,2022-05-16 00:20:20,45.0205,-93.218,71.65,30,40,19.57
532,High Level,CA,2022-05-16 00:20:06,58.5169,-117.136,55.51,58,75,13.8
533,Westport,US,2022-05-16 00:20:22,41.1415,-73.3579,71.89,87,0,12.66
534,Saint-Philippe,RE,2022-05-16 00:20:23,-21.3585,55.7679,67.59,86,58,11.56
535,Rio Grande,BR,2022-05-16 00:20:23,-32.035,-52.0986,51.94,71,84,10.74
536,Gat,IL,2022-05-16 00:20:24,31.61,34.7642,65.39,85,9,0.76
537,Qujing,CN,2022-05-16 00:20:24,25.4833,103.7833,48.97,90,100,1.61
538,Deputatskiy,RU,2022-05-16 00:18:06,69.3,139.9,19.6,93,100,15.39
539,Port Hardy,CA,2022-05-16 00:20:25,50.6996,-127.4199,48.2,95,100,12.5
540,Loubomo,CG,2022-05-16 00:20:26,-4.1997,12.6739,72.54,97,92,2.66
541,Kupang,ID,2022-05-16 00:20:26,-10.1667,123.5833,80.4,82,9,5.08
542,Sorong,ID,2022-05-16 00:15:46,-0.8833,131.25,80.65,80,98,7.47
543,Paraiso,CR,2022-05-16 00:20:27,9.8383,-83.8656,67.87,100,98,2.24
544,Touho,NC,2022-05-16 00:20:28,-20.7833,165.2333,75.79,79,82,16.08
545,Maracacume,BR,2022-05-16 00:20:28,-2.0428,-45.9592,75.31,94,95,3.83
546,Tazovskiy,RU,2022-05-16 00:20:29,67.4667,78.7,39.63,100,100,4.03
547,Ciudad Bolivar,VE,2022-05-16 00:20:29,8.1222,-63.5497,83.16,69,100,12.17
548,Snasa,NO,2022-05-16 00:20:30,64.2457,12.3778,36.48,99,85,7.27
549,Liseleje,DK,2022-05-16 00:20:30,56.0053,11.9483,50.18,86,22,7.65
550,Mackay,AU,2022-05-16 00:20:31,-21.15,149.2,82.69,75,0,5.37
551,Pimenteiras,BR,2022-05-16 00:20:31,-6.2453,-41.4192,75.09,76,96,2.86
552,Madinat Sittah Uktubar,EG,2022-05-16 00:20:32,29.8167,31.05,67.89,64,87,10.65
553,Rawson,AR,2022-05-16 00:20:32,-43.3002,-65.1023,49.89,71,19,12.19
554,Safaga,EG,2022-05-16 00:20:33,26.7292,33.9365,80.17,34,42,19.08
555,Divnomorskoye,RU,2022-05-16 00:20:33,44.5011,38.1353,56.46,74,16,2.64
556,Saint-Joseph,RE,2022-05-16 00:21:34,-21.3667,55.6167,66.58,83,28,10.92
557,Moindou,NC,2022-05-16 00:21:34,-21.6924,165.677,78.71,63,59,4.32
558,Kjollefjord,NO,2022-05-16 00:21:35,70.9457,27.3465,39.25,87,100,12.3
559,Oranjestad,AW,2022-05-16 00:19:57,12.524,-70.027,82.35,74,20,23.02
560,Zabaykalsk,RU,2022-05-16 00:21:35,49.6333,117.3167,57.0,28,15,8.12
561,Meulaboh,ID,2022-05-16 00:21:25,4.1363,96.1285,75.97,90,96,3.74
562,Leeton,AU,2022-05-16 00:21:36,-34.5667,146.4,58.89,66,0,7.65
563,Asosa,ET,2022-05-16 00:21:37,10.0667,34.5333,61.39,79,80,4.36
564,Coahuayana,MX,2022-05-16 00:21:37,18.7333,-103.6833,85.71,37,47,5.59
565,Belmonte,BR,2022-05-16 00:21:38,-15.8631,-38.8828,75.49,82,100,5.77
566,Isabela,PH,2022-05-16 00:21:38,6.7085,121.9711,80.65,82,76,3.65
567,Mazagao,BR,2022-05-16 00:21:39,-0.115,-51.2894,78.85,96,100,2.66
568,Aklavik,CA,2022-05-16 00:21:39,68.2191,-135.0107,32.32,100,100,7.4
569,Alghero,IT,2022-05-16 00:21:36,40.5589,8.3181,59.09,82,0,1.14
570,Bilma,NE,2022-05-16 00:21:40,18.6853,12.9164,79.72,17,0,12.44
571,Tarakan,ID,2022-05-16 00:20:15,3.3,117.6333,78.3,94,75,2.3
572,Santa Fe,AR,2022-05-16 00:19:17,-31.6333,-60.7,55.98,59,0,7.0
573,Myaundzha,RU,2022-05-16 00:21:41,63.0494,147.1858,33.3,100,100,4.85
574,Bathsheba,BB,2022-05-16 00:21:42,13.2167,-59.5167,81.21,83,75,21.85
575,Bilibino,RU,2022-05-16 00:21:42,68.0546,166.4372,31.59,91,88,4.05
576,Bathurst,AU,2022-05-16 00:21:43,-33.4166,149.5806,61.97,73,4,1.99
577,Alice Springs,AU,2022-05-16 00:21:43,-23.7,133.8833,69.22,32,40,12.66
578,Englehart,CA,2022-05-16 00:21:44,47.8169,-79.8664,77.02,49,20,6.91
579,Ola,RU,2022-05-16 00:21:45,59.5833,151.2833,41.14,83,100,25.46
580,Lyngseidet,NO,2022-05-16 00:21:45,69.5763,20.2189,37.4,99,100,10.6
581,Sarkand,KZ,2022-05-16 00:21:46,45.41,79.9186,53.44,58,2,6.44
582,Izumo,JP,2022-05-16 00:21:46,35.3667,132.7667,60.75,82,75,1.14
583,Camacha,PT,2022-05-16 00:21:47,33.0833,-16.3333,62.02,94,0,4.61
584,Salme,NP,2022-05-16 00:21:47,28.0369,85.0942,62.89,71,6,4.65
585,Najran,SA,2022-05-16 00:21:48,17.4924,44.1277,66.85,9,15,1.16
586,Calmar,CA,2022-05-16 00:21:48,53.2668,-113.8187,67.87,18,75,9.22
587,Otradnoye,RU,2022-05-16 00:21:49,59.7775,30.8181,47.03,89,41,8.66
588,Ambilobe,MG,2022-05-16 00:19:50,-13.2,49.05,68.09,87,4,2.95
589,Sitka,US,2022-05-16 00:21:53,57.0531,-135.33,55.29,44,0,13.8
590,Micheweni,TZ,2022-05-16 00:21:53,-4.9667,39.8333,77.76,82,1,12.01
591,Teguise,ES,2022-05-16 00:21:54,29.0605,-13.564,64.62,77,20,8.05
592,Bambanglipuro,ID,2022-05-16 00:21:55,-7.95,110.2833,79.23,87,69,2.55
